userMail,password
detest55@tut.by,test5555
detest22@tut.by,test2222
detest44@tut.by,test4444
detest11@tut.by,test1111
detest33@tut.by,test3333
detest55@tut.by,test5555
detest22@tut.by,test2222
test3344@tut.by,test4433
detest44@tut.by,test4444
detest11@tut.by,test1111
test4455@tut.by,test5544
detest33@tut.by,test3333
test2233@tut.by,test3322
detest55@tut.by,test5555
detest22@tut.by,test2222
test3344@tut.by,test4433
detest55@tut.by,test5555
detest22@tut.by,test2222
detest55@tut.by,test5555
detest22@tut.by,test2222
test3344@tut.by,test4433
detest44@tut.by,test4444
detest11@tut.by,test1111
test4455@tut.by,test5544
detest33@tut.by,test3333
test2233@tut.by,test3322
detest55@tut.by,test5555
detest55@tut.by,test5555
detest55@tut.by,test5555
detest55@tut.by,test5555
detest00@tut.by,test0000
detest11@tut.by,test1111
detest22@tut.by,test2222
detest33@tut.by,test3333
detest44@tut.by,test4444
detest55@tut.by,test5555
detest66@tut.by,test6666
detest77@tut.by,test7777
detest88@tut.by,test8888
detest99@tut.by,test9999
detest00@tut.by,test0000
detest11@tut.by,test1111
detest22@tut.by,test2222
detest33@tut.by,test3333
detest00@tut.by,test0000
detest11@tut.by,test1111
detest22@tut.by,test2222
detest33@tut.by,test3333
